[
    {
        "title": "Network Outage",
        "severity": "critical",
        "status": "active",
        "description": "Major network outage affecting multiple services.",
        "type": "Network Incident",
        "location": "Data Center 1",
        "affected_assets": [
            "Switch01",
            "Router02"
        ],
        "incident_id": "IR-2024-001",
        "communication_log": [],
        "created_at": {
            "$date": "2024-11-01T12:30:00Z"
        },
        "updated_at": {
            "$date": "2024-11-01T13:00:00Z"
        },
        "resolution_time": 180,
        "communication_template": "\nCrisis Management Response:\n============================\n**Incident Summary**:\nMajor network outage affecting multiple services.\n\n**Impact**:\nSeverity: critical, Affected Assets: Switch01, Router02\n\n**Immediate Actions**:\nIsolate affected network components, start immediate diagnostics, involve technical teams, and begin root cause analysis.\n\n**Recommended Next Steps**:\nConduct thorough investigation, communicate with affected users, coordinate with cybersecurity and network teams to apply mitigation strategies.\n\n**Resources**:\nCybersecurity team, network engineers, customer support for communication, incident management team.\n**Crisis Management Response:\n============================================================\n**Incident Summary**:\nCrisis Management Response:\n============================\n**Incident Summary**:\nMajor network outage affecting multiple services.\n**Impact**:\nSeverity: critical, Affected Assets: Switch01, Router02\n**Immediate Actions**:\nIsolate affected network components, start immediate diagnostics, involve technical teams, and begin root cause analysis.\n**Recommended Next Steps**:\nCrisis Management Response:\n============================================================\n**Incident Summary**:\nCrisis Management Response:\n============================================================\n**Incident Summary**:\nCrisis Management Response:\n============================================================\n**Crisis Management Response:\n============================================================\n**Incident Summary**:\nCrisis Management Response:\n============================================================\n**Crisis Management Response:\n============================================================\n**Crisis Management Response:\n============================================================\n**Crisis Management Response:\n============================================================\n**Crisis Management Response:\n============================================================\n**Crisis Management Response:\n============================================================\n**Crisis Management Response:\n============================================================\n**Crisis Management Response:\n============================================================\n**Crisis Management Response:\n============================================================\n**Crisis Management Response:\n============================================================\n**Crisis Management Response:\n============================================================\n**Crisis Management Response:\n============================================================\n**Crisis Management Response:\n============================================================\n**Crisis Management Response:\n============================================================\n**Crisis Management Response:\n============================================================\n**Crisis Management Response:\n============================================================\n**Crisis Management Response:\n============================================================\n**Crisis Management Response:\n============================================================\n**Crisis Management Response:\n============================================================\n**Crisis Management Response:\n============================================================",
        "post-incident-response": "\nPost-Incident Analysis:\n========================\nThe recent incident involves Major network outage affecting multiple services., affecting Switch01, Router02. Immediate actions included isolating affected systems and initiating investigative protocols, which effectively contained the issue and limited its impact.\n\nThe recommended next steps focus on enhancing existing protocols and ensuring compliance with industry standards, ensuring compliance and risk reduction. It is essential to engage with legal and forensic resources to analyze and reinforce the organization's preparedness.\n\n**Classification**: This incident qualifies as a \"Network Incident\". Future efforts should include regular system audits, incident drills, and improved employee training.\n========================\n"
    },
    {
        "title": "Unauthorized Access Attempt",
        "severity": "high",
        "status": "resolved",
        "description": "Detected unauthorized access attempt in the web server logs.",
        "type": "Security Incident",
        "location": "Server Room A",
        "affected_assets": [
            "WebServer01"
        ],
        "incident_id": "IR-2024-002",
        "communication_log": [],
        "created_at": {
            "$date": "2024-10-15T08:45:00Z"
        },
        "updated_at": {
            "$date": "2024-10-15T10:15:00Z"
        },
        "resolution_time": 90,
        "communication_template": "\nCrisis Management Response:\n============================\n**Incident Summary**:\nDetected unauthorized access attempt in the web server logs.\n\n**Impact**:\nSeverity: high, Affected Assets: WebServer01\n\n**Immediate Actions**:\nIsolate affected network components, start immediate diagnostics, involve technical teams, and begin root cause analysis.\n\n**Recommended Next Steps**:\nConduct thorough investigation, communicate with affected users, coordinate with cybersecurity and network teams to apply mitigation strategies.\n\n**Resources**:\nCybersecurity team, network engineers, customer support for communication, incident management team.\n**Resources**:\nThe Cybersecurity team, network engineers, customer support for communication, incident management team.\n**Regulatory Team\n============================\n**Exploiting the Internet:\n============\n**Exploiting the Internet:\n============\n**Exploiting the Internet:\n============\n**Exploiting the Internet:\n============\n**Exploiting the Internet:\n============\n**Exploiting the Internet:\n============\n**Exploiting the Internet:\n============\n**Exploiting the Internet:\n============\n**Exploiting the Internet:\n============\n**Exploiting the Internet:\n============\n**Exploiting the Internet:\n============\n**Exploiting the Internet:\n============\n*Exploiting the Internet:\n============\n**Exploiting the Internet:\n============\n**Exploiting the Internet:\n============\n*Exploiting the Internet:\n============\n**Exploiting the Internet:\n============\n**Exploiting the Internet:\n============\n**Exploiting the Internet:\n============\n**Exploiting the Internet:\n============\n**Exploiting the Internet:\n============\n**Exploiting the Internet:\n============\n**Exploiting the Internet:\n============\n**Exploiting the Internet:\n============\n**Exploiting the Internet:\n============\n**Exploiting the Internet:\n============\n**Exploiting the Internet:\n============\n**Exploiting the Internet:\n============\n*Exploiting the Internet:\n============\n**Exploiting the Internet:\n============\n**Exploiting the Internet:\n============\n**Exploiting the Internet:\n============\n**Exploiting the Internet:\n============\n**Exploiting the Internet:\n============\n**Exploiting the Internet:",
        "post-incident-response": "\nPost-Incident Analysis:\n========================\nThe recent incident involves Detected unauthorized access attempt in the web server logs., affecting WebServer01. Immediate actions included isolating affected systems and initiating investigative protocols, which effectively contained the issue and limited its impact.\n\nThe recommended next steps focus on enhancing existing protocols and ensuring compliance with industry standards, ensuring compliance and risk reduction. It is essential to engage with legal and forensic resources to analyze and reinforce the organization's preparedness.\n\n**Classification**: This incident qualifies as a \"General Incident\". Future efforts should include regular system audits, incident drills, and improved employee training.\n========================\n"
    },
    {
        "title": "Data Breach Suspected",
        "severity": "critical",
        "status": "active",
        "description": "Suspicion of data breach, investigating compromised accounts.",
        "type": "Security Incident",
        "location": "Head Office",
        "affected_assets": [
            "DBServer03",
            "UserAccount01"
        ],
        "incident_id": "IR-2024-003",
        "communication_log": [],
        "created_at": {
            "$date": "2024-11-02T09:20:00Z"
        },
        "updated_at": {
            "$date": "2024-11-02T10:00:00Z"
        },
        "resolution_time": null,
        "communication_template": "\nCrisis Management Response:\n============================\n**Incident Summary**:\nSuspicion of data breach, investigating compromised accounts.\n\n**Impact**:\nSeverity: critical, Affected Assets: DBServer03, UserAccount01\n\n**Immediate Actions**:\nIsolate affected network components, start immediate diagnostics, involve technical teams, and begin root cause analysis.\n\n**Recommended Next Steps**:\nConduct thorough investigation, communicate with affected users, coordinate with cybersecurity and network teams to apply mitigation strategies.\n\n**Resources**:\nCybersecurity team, network engineers, customer support for communication, incident management team.\n**Conduct full action as well as analysis of data breach issues.\n**Receive updates and analysis of incidents or problems.\n**Identify and resolve issues affecting the Credentials API, and use an appropriate solution.\n**Convey detailed information including technical support, technical support, and the Credentials API.\n**Receive updates on your Credentials API, and use a solution.\n**Receive updates on your Credentials API, and use an appropriate solution.\n**Receive updates on your Credentials API, and use an appropriate solution.\n**Receive updates on your Credentials API, and use an appropriate solution.\n**Receive updates on your Credentials API, and use an appropriate solution.\n**Receive updates on your Credentials API, and use an appropriate solution.\n**Receive updates on your Credentials API, and use an appropriate solution.\n**Receive updates on your Credentials API, and use an appropriate solution.\n**Receive updates on your Credentials API, and use an appropriate solution.\n**Receive updates on your Credentials API, and use an appropriate solution.\n**Receive updates on your Credentials API, and use an appropriate solution.\n**Receive updates on your Credentials API, and use an appropriate solution.\n**Receive updates on your Credentials API, and use an appropriate solution.\n**Receive updates on your Credentials API, and use an appropriate solution.\n**Receive updates on your Credentials API, and use an appropriate solution.\n**Receive updates on your Credentials API, and use an appropriate solution.\n**Receive updates on your Credentials API, and use an appropriate solution.\n**",
        "post-incident-response": "\nPost-Incident Analysis:\n========================\nThe recent incident involves Suspicion of data breach, investigating compromised accounts., affecting DBServer03, UserAccount01. Immediate actions included isolating affected systems and initiating investigative protocols, which effectively contained the issue and limited its impact.\n\nThe recommended next steps focus on enhancing existing protocols and ensuring compliance with industry standards, ensuring compliance and risk reduction. It is essential to engage with legal and forensic resources to analyze and reinforce the organization's preparedness.\n\n**Classification**: This incident qualifies as a \"General Incident\". Future efforts should include regular system audits, incident drills, and improved employee training.\n========================\n"
    },
    {
        "title": "Service Degradation",
        "severity": "medium",
        "status": "active",
        "description": "Service response times are slow in the customer portal.",
        "type": "Performance Incident",
        "location": "Data Center B",
        "affected_assets": [
            "AppServer02"
        ],
        "incident_id": "IR-2024-004",
        "communication_log": [],
        "created_at": {
            "$date": "2024-11-02T14:50:00Z"
        },
        "updated_at": {
            "$date": "2024-11-02T15:00:00Z"
        },
        "resolution_time": null,
        "communication_template": "\nCrisis Management Response:\n============================\n**Incident Summary**:\nService response times are slow in the customer portal.\n\n**Impact**:\nSeverity: medium, Affected Assets: AppServer02\n\n**Immediate Actions**:\nIsolate affected network components, start immediate diagnostics, involve technical teams, and begin root cause analysis.\n\n**Recommended Next Steps**:\nConduct thorough investigation, communicate with affected users, coordinate with cybersecurity and network teams to apply mitigation strategies.\n\n**Resources**:\nCybersecurity team, network engineers, customer support for communication, incident management team.\n**Investigate the impacts of this specific deployment and response strategy in an incident management course, as well as on customer, business, and government systems.\n**Establish a plan for the full impact of this deployment and response strategy as well as on customer, business, and government systems.\n**Use common sense to increase the use of the Internet Service Providers (ISPs) in the form of cybersecurity and customer service.\n**Prevent the unauthorized access, unauthorized access, unauthorized access, unauthorized access to Internet Service Providers (ISPs) in the form of threat management.\n**Reduce the risk of unauthorized access to Internet Service Providers (ISPs) in the form of an appropriate management plan.\n**Ensure that the Internet Service Providers (ISPs) are not being targeted solely by specific cyber criminals, or by a specific threat or service provider, or by a particular company, or by a particular company, or by a specific company, or by a particular company, or by a particular company, or by a particular company, or by a specific company, or by a particular company, or by a particular company, or by a particular company, or by a particular company, or by a particular company, or by a particular company, or by a particular company, or by a particular company, or by a particular company, or by a particular company, or by a particular company, or by a particular company, or by a particular company, or by a particular company, or by a particular company, or by a particular company, or by a particular company, or by a particular company, or by a particular company, or by a particular company, or by a particular company, or by a particular company, or by a particular company, or by a particular company, or by a particular company, or by a particular company, or by a",
        "post-incident-response": "\nPost-Incident Analysis:\n========================\nThe recent incident involves Service response times are slow in the customer portal., affecting AppServer02. Immediate actions included isolating affected systems and initiating investigative protocols, which effectively contained the issue and limited its impact.\n\nThe recommended next steps focus on enhancing existing protocols and ensuring compliance with industry standards, ensuring compliance and risk reduction. It is essential to engage with legal and forensic resources to analyze and reinforce the organization's preparedness.\n\n**Classification**: This incident qualifies as a \"General Incident\". Future efforts should include regular system audits, incident drills, and improved employee training.\n========================\n"
    },
    {
        "title": "Application Bug Detected",
        "severity": "low",
        "status": "resolved",
        "description": "Minor bug reported in application UI.",
        "type": "Bug Report",
        "location": "Remote",
        "affected_assets": [
            "AppCodeModule01"
        ],
        "incident_id": "IR-2024-005",
        "communication_log": [],
        "created_at": {
            "$date": "2024-10-05T09:15:00Z"
        },
        "updated_at": {
            "$date": "2024-10-05T11:00:00Z"
        },
        "resolution_time": 60,
        "communication_template": "\nCrisis Management Response:\n============================\n**Incident Summary**:\nMinor bug reported in application UI.\n\n**Impact**:\nSeverity: low, Affected Assets: AppCodeModule01\n\n**Immediate Actions**:\nIsolate affected network components, start immediate diagnostics, involve technical teams, and begin root cause analysis.\n\n**Recommended Next Steps**:\nConduct thorough investigation, communicate with affected users, coordinate with cybersecurity and network teams to apply mitigation strategies.\n\n**Resources**:\nCybersecurity team, network engineers, customer support for communication, incident management team.\n**Community Support\n\u201cThis is a very important step in solving issues with apps and services.\u201cWe\u2019re making sure that there are solutions that work.\u201cWe\u2019re also taking steps to address these issues.\u201cWe are working with the community to make sure that it is the right way to communicate with you.\u201d\nAs a result, we are taking urgent steps to address these issues.\nFor more information, visit the following resources:\nhttps://www.cybersecurity.com/\nhttps://www.cybersecurity.com/\nhttps://www.cybersecurity.com/\nhttps://www.cybersecurity.com/\nhttps://www.cybersecurity.com/\nhttps://www.cybersecurity.com/\nhttps://www.cybersecurity.com/\nhttps://www.cybersecurity.com/\nhttps://www.cybersecurity.com/\nhttps://www.cybersecurity.com/\nhttps://www.cybersecurity.com/\nhttps://www.cybersecurity.com/\nhttps://www.cybersecurity.com/\nhttps://www.cybersecurity.com/\nhttps://www.cybersecurity.com/\nhttps://www.cybersecurity.com/\nhttps://www.cybersecurity.com/\nhttps://www.cybersecurity.com/\nhttps://www.cybersecurity.com/\nhttps://www.cybersecurity.com/\nhttps://www.cybersecurity.com/\nhttps://www.cybersecurity.com/\nhttps://www.cybersecurity.com/\nhttps://www.cybersecurity.com/\nhttps://www.cybersecurity.com/\n###\n*Disclosure:\n",
        "post-incident-response": "\nPost-Incident Analysis:\n========================\nThe recent incident involves Minor bug reported in application UI., affecting AppCodeModule01. Immediate actions included isolating affected systems and initiating investigative protocols, which effectively contained the issue and limited its impact.\n\nThe recommended next steps focus on enhancing existing protocols and ensuring compliance with industry standards, ensuring compliance and risk reduction. It is essential to engage with legal and forensic resources to analyze and reinforce the organization's preparedness.\n\n**Classification**: This incident qualifies as a \"General Incident\". Future efforts should include regular system audits, incident drills, and improved employee training.\n========================\n"
    },
    {
        "title": "Hardware Failure",
        "severity": "high",
        "status": "active",
        "description": "Critical hardware failure detected in storage device.",
        "type": "Hardware Incident",
        "location": "Data Center 3",
        "affected_assets": [
            "StorageArray01"
        ],
        "incident_id": "IR-2024-006",
        "communication_log": [],
        "created_at": {
            "$date": "2024-11-01T06:40:00Z"
        },
        "updated_at": {
            "$date": "2024-11-01T07:15:00Z"
        },
        "resolution_time": null,
        "communication_template": "\nCrisis Management Response:\n============================\n**Incident Summary**:\nCritical hardware failure detected in storage device.\n\n**Impact**:\nSeverity: high, Affected Assets: StorageArray01\n\n**Immediate Actions**:\nIsolate affected network components, start immediate diagnostics, involve technical teams, and begin root cause analysis.\n\n**Recommended Next Steps**:\nConduct thorough investigation, communicate with affected users, coordinate with cybersecurity and network teams to apply mitigation strategies.\n\n**Resources**:\nCybersecurity team, network engineers, customer support for communication, incident management team.\n**Resources**:\nCyberfirehacker team, Cisco Cloud Storage Cloud storage, storage, data storage, data management, security, network management, network management.\n**Resources**:\nCyberfirehacker team, Cisco Cloud Storage Cloud storage, data storage, data management, network management, network management, network management, network management, network management, network management.\n**Resources**:\nCyberfirehacker team, Cisco Cloud Storage Cloud storage, data storage, data management, network management, network management, network management, network management, network management.\n**Resources**:\nCyberfirehacker team, Cisco Cloud Storage Cloud storage, data storage, data management, network management, network management, network management, network management, network management, network management, network management.\n**Resources**:\nCyberfirehacker team, Cisco Cloud Storage Cloud storage, data storage, data management, network management, network management, network management, network management, network management.\n**Resources**:\nCyberfirehacker team, Cisco Cloud Storage Cloud storage, data storage, data management, network management, network management, network management.\n**Resources**:\nCyberfirehacker team, Cisco Cloud Storage Cloud storage, data storage, data management, network management, network management, network management, network management, network management.\n**Resources**:\nCyberfirehacker team, Cisco Cloud Storage Cloud storage, data storage, data management, network management, network management, network management.\n**Resources**:\nCyberfirehacker team, Cisco Cloud Storage Cloud storage, data storage, data management, network management, network management, network management, network management.\n**Resources**:\nCyberfirehacker team, Cisco Cloud Storage Cloud storage, data storage, data management, network management, network management, network management",
        "post-incident-response": "\nPost-Incident Analysis:\n========================\nThe recent incident involves Critical hardware failure detected in storage device., affecting StorageArray01. Immediate actions included isolating affected systems and initiating investigative protocols, which effectively contained the issue and limited its impact.\n\nThe recommended next steps focus on enhancing existing protocols and ensuring compliance with industry standards, ensuring compliance and risk reduction. It is essential to engage with legal and forensic resources to analyze and reinforce the organization's preparedness.\n\n**Classification**: This incident qualifies as a \"General Incident\". Future efforts should include regular system audits, incident drills, and improved employee training.\n========================\n"
    },
    {
        "title": "DDoS Attack",
        "severity": "critical",
        "status": "resolved",
        "description": "Detected and mitigated a DDoS attack.",
        "type": "Security Incident",
        "location": "Global Network",
        "affected_assets": [
            "Firewall01",
            "LoadBalancer01"
        ],
        "incident_id": "IR-2024-007",
        "communication_log": [],
        "created_at": {
            "$date": "2024-09-30T17:00:00Z"
        },
        "updated_at": {
            "$date": "2024-09-30T18:45:00Z"
        },
        "resolution_time": 90,
        "communication_template": "\nCrisis Management Response:\n============================\n**Incident Summary**:\nDetected and mitigated a DDoS attack.\n\n**Impact**:\nSeverity: critical, Affected Assets: Firewall01, LoadBalancer01\n\n**Immediate Actions**:\nIsolate affected network components, start immediate diagnostics, involve technical teams, and begin root cause analysis.\n\n**Recommended Next Steps**:\nConduct thorough investigation, communicate with affected users, coordinate with cybersecurity and network teams to apply mitigation strategies.\n\n**Resources**:\nCybersecurity team, network engineers, customer support for communication, incident management team.\n**Provide information and guidance for emergency responders, emergency responders, and the public.\n**Security team, network engineers, customer support for communication, incident management team.\n**Explain and share what you need to know about the problem.\n**Explain and share what you need to know about the problem.\n**Investigate, and share what you need to know about the problem.\n**Explain and share what you need to know about the problem.\n**Protect and protect the network.\n**Protect and protect the network.\n**Protect and protect the network.\n**Protect and protect the network.\n**Protect and protect the network.\n**Protect and protect the network.\n**Protect and protect the network.\n**Protect and protect the network.\n**Protect and protect the network.\n**Protect and protect the network.\n**Protect and protect the network.\n**Protect and protect the network.\n**Protect and protect the network.\n**Protect and protect the network.\n**Protect and protect the network.\n**Protect and protect the network.\n**Protect and protect the network.\n**Protect and protect the network.\n**Protect and protect the network.\n**Protect and protect the network.\n**Protect and protect the network.\n**Protect and protect the network.\n**Protect and protect the network.\n**Protect and protect the network.\n**Protect and protect the network.\n**Protect and protect the network.\n**Protect and protect the network.\n**Protect and protect the network.\n**Protect and protect the network.\n**Protect and protect the network.\n**Protect and protect the network.\n**Protect and protect the network.\n**Protect and protect the network.\n**Protect and protect the network.\n**Protect and protect the network",
        "post-incident-response": "\nPost-Incident Analysis:\n========================\nThe recent incident involves Detected and mitigated a DDoS attack., affecting Firewall01, LoadBalancer01. Immediate actions included isolating affected systems and initiating investigative protocols, which effectively contained the issue and limited its impact.\n\nThe recommended next steps focus on enhancing existing protocols and ensuring compliance with industry standards, ensuring compliance and risk reduction. It is essential to engage with legal and forensic resources to analyze and reinforce the organization's preparedness.\n\n**Classification**: This incident qualifies as a \"General Incident\". Future efforts should include regular system audits, incident drills, and improved employee training.\n========================\n"
    },
    {
        "title": "Database Lock Issue",
        "severity": "medium",
        "status": "active",
        "description": "Database locked during high transaction load.",
        "type": "Database Incident",
        "location": "Database Cluster",
        "affected_assets": [
            "DBCluster01"
        ],
        "incident_id": "IR-2024-008",
        "communication_log": [],
        "created_at": {
            "$date": "2024-10-20T14:15:00Z"
        },
        "updated_at": {
            "$date": "2024-10-20T15:30:00Z"
        },
        "resolution_time": null,
        "communication_template": "\nCrisis Management Response:\n============================\n**Incident Summary**:\nDatabase locked during high transaction load.\n\n**Impact**:\nSeverity: medium, Affected Assets: DBCluster01\n\n**Immediate Actions**:\nIsolate affected network components, start immediate diagnostics, involve technical teams, and begin root cause analysis.\n\n**Recommended Next Steps**:\nConduct thorough investigation, communicate with affected users, coordinate with cybersecurity and network teams to apply mitigation strategies.\n\n**Resources**:\nCybersecurity team, network engineers, customer support for communication, incident management team.\n**Cybersecurity team, network engineers, customer support for communication, incident management team.\n**Prepared for the future\n**PostgreSQL/Migrating Database for Database and Database Management\n**Work With Symantec",
        "post-incident-response": "\nPost-Incident Analysis:\n========================\nThe recent incident involves Database locked during high transaction load., affecting DBCluster01. Immediate actions included isolating affected systems and initiating investigative protocols, which effectively contained the issue and limited its impact.\n\nThe recommended next steps focus on enhancing existing protocols and ensuring compliance with industry standards, ensuring compliance and risk reduction. It is essential to engage with legal and forensic resources to analyze and reinforce the organization's preparedness.\n\n**Classification**: This incident qualifies as a \"General Incident\". Future efforts should include regular system audits, incident drills, and improved employee training.\n========================\n"
    },
    {
        "title": "Firewall Misconfiguration",
        "severity": "high",
        "status": "resolved",
        "description": "Firewall rules incorrectly configured, blocking services.",
        "type": "Configuration Issue",
        "location": "Remote Office",
        "affected_assets": [
            "Firewall02"
        ],
        "incident_id": "IR-2024-009",
        "communication_log": [],
        "created_at": {
            "$date": "2024-11-01T10:10:00Z"
        },
        "updated_at": {
            "$date": "2024-11-01T11:20:00Z"
        },
        "resolution_time": 70,
        "communication_template": "\nCrisis Management Response:\n============================\n**Incident Summary**:\nFirewall rules incorrectly configured, blocking services.\n\n**Impact**:\nSeverity: high, Affected Assets: Firewall02\n\n**Immediate Actions**:\nIsolate affected network components, start immediate diagnostics, involve technical teams, and begin root cause analysis.\n\n**Recommended Next Steps**:\nConduct thorough investigation, communicate with affected users, coordinate with cybersecurity and network teams to apply mitigation strategies.\n\n**Resources**:\nCybersecurity team, network engineers, customer support for communication, incident management team.\n**Resources**:\nSecurity experts, security specialists, cybersecurity experts, security specialists.\n**Resources**:\nWarnings**:\n\u201cI\u201cI\u201c\u201c\u201c\u201c\u201c\u201c\u201c\u201c\u201c\u201c\u201c\u201c\u201c\u201c\u201c\u201c\u201c\u201c\u201c\u201c\u201c\u201c\u201c\u201c\u201c\u201c\u201c\u201c\u201c\u201c\u201c\u201c\u201c\u201c\u201c\u201c\u201c\u201c\u201c\u201c\u201c\u201c\u201c\u201c\u201c\u201c\u201c\u201c\u201c\u201c\u201c\u201c\u201c\u201c\u201c\u201c\u201c\u201c\u201c\u201c\u201c\u201c\u201c\u201c\u201c\u201c\u201c\u201c\u201c\u201c\u201c\u201c\u201c\u201c\u201c\u201c\u201c\u201c\u201c\u201c\u201c\u201c\u201c\u201c\u201c\u201c\u201c\u201c\u201c\u201c\u201c\u201c\u201c\u201c\u201c\u201c\u201c\u201c\u201c\u201c\u201c\u201c\u201c\u201c\u201c\u201c\u201c\u201c\u201c\u201c\u201c\u201c\u201c\u201c\u201c\u201c\u201c\u201c\u201c\u201c\u201c\u201c\u201c\u201c\u201c\u201c\u201c\u201c\u201c\u201c\u201c\u201c\u201c\u201c\u201c\u201c\u201c\u201c\u201c\u201c\u201c\u201c\u201c\u201c\u201c\u201c\u201c\u201c\u201c\u201c\u201c\u201c\u201c\u201c\u201c\u201c\u201c\u201c\u201c\u201c\u201c\u201c\u201c\u201c\u201c\u201c\u201c\u201c\u201c\u201c\u201c\u201c\ufffd",
        "post-incident-response": "\nPost-Incident Analysis:\n========================\nThe recent incident involves Firewall rules incorrectly configured, blocking services., affecting Firewall02. Immediate actions included isolating affected systems and initiating investigative protocols, which effectively contained the issue and limited its impact.\n\nThe recommended next steps focus on enhancing existing protocols and ensuring compliance with industry standards, ensuring compliance and risk reduction. It is essential to engage with legal and forensic resources to analyze and reinforce the organization's preparedness.\n\n**Classification**: This incident qualifies as a \"General Incident\". Future efforts should include regular system audits, incident drills, and improved employee training.\n========================\n"
    },
    {
        "title": "Software Update Failure",
        "severity": "medium",
        "status": "archived",
        "description": "Failed to complete software update on critical servers.",
        "type": "Update Incident",
        "location": "Data Center 2",
        "affected_assets": [
            "UpdateServer01"
        ],
        "incident_id": "IR-2024-010",
        "communication_log": [],
        "created_at": {
            "$date": "2024-08-25T02:00:00Z"
        },
        "updated_at": {
            "$date": "2024-08-25T03:00:00Z"
        },
        "resolution_time": 30,
        "communication_template": "\nCrisis Management Response:\n============================\n**Incident Summary**:\nFailed to complete software update on critical servers.\n\n**Impact**:\nSeverity: medium, Affected Assets: UpdateServer01\n\n**Immediate Actions**:\nIsolate affected network components, start immediate diagnostics, involve technical teams, and begin root cause analysis.\n\n**Recommended Next Steps**:\nConduct thorough investigation, communicate with affected users, coordinate with cybersecurity and network teams to apply mitigation strategies.\n\n**Resources**:\nCybersecurity team, network engineers, customer support for communication, incident management team.\n**Special thanks to the C3C Team for supporting the project.\n**Contact us:\nC4C",
        "post-incident-response": "\nPost-Incident Analysis:\n========================\nThe recent incident involves Failed to complete software update on critical servers., affecting UpdateServer01. Immediate actions included isolating affected systems and initiating investigative protocols, which effectively contained the issue and limited its impact.\n\nThe recommended next steps focus on enhancing existing protocols and ensuring compliance with industry standards, ensuring compliance and risk reduction. It is essential to engage with legal and forensic resources to analyze and reinforce the organization's preparedness.\n\n**Classification**: This incident qualifies as a \"General Incident\". Future efforts should include regular system audits, incident drills, and improved employee training.\n========================\n"
    },
    {
        "title": "Power Outage",
        "severity": "critical",
        "status": "resolved",
        "description": "Power outage affecting multiple data centers.",
        "type": "Environmental Incident",
        "location": "Data Center 4",
        "affected_assets": [
            "PowerSupply01"
        ],
        "incident_id": "IR-2024-011",
        "communication_log": [],
        "created_at": {
            "$date": "2024-10-12T12:00:00Z"
        },
        "updated_at": {
            "$date": "2024-10-12T13:30:00Z"
        },
        "resolution_time": 90,
        "communication_template": "\nCrisis Management Response:\n============================\n**Incident Summary**:\nPower outage affecting multiple data centers.\n\n**Impact**:\nSeverity: critical, Affected Assets: PowerSupply01\n\n**Immediate Actions**:\nIsolate affected network components, start immediate diagnostics, involve technical teams, and begin root cause analysis.\n\n**Recommended Next Steps**:\nConduct thorough investigation, communicate with affected users, coordinate with cybersecurity and network teams to apply mitigation strategies.\n\n**Resources**:\nCybersecurity team, network engineers, customer support for communication, incident management team.\n**Disruptive action plans, initiate technical action plans, and initiate actions.\n**Recommended Advice**:\nDo not use the Internet.\n**Use the Internet as a means of communication.\n**Do not use any Internet.\n**Do not use any Internet.\n**Do not use any Internet.\n**Do not use any Internet.\n**Do not use any Internet.\n**Do not use any Internet.\n**Do not use any Internet.\n**Do not use any Internet.\n**Do not use any Internet.\n**Do not use any Internet.\n**Do not use any Internet.\n**Do not use any Internet.\n**Do not use any Internet.\n**Do not use any Internet.\n**Do not use any Internet.\n**Do not use any Internet.\n**Do not use any Internet.\n**Do not use any Internet.\n**Do not use any Internet.\n**Do not use any Internet.\n**Do not use any Internet.\n**Do not use any Internet.\n**Do not use any Internet.\n**Do not use any Internet.\n**Do not use any Internet.\n**Do not use any Internet.\n**Do not use any Internet.\n**Do not use any Internet.\n**Do not use any Internet.\n**Do not use any Internet.\n**Do not use any Internet.\n**Do not use any Internet.\n**Do not use any Internet.\n**Do not use any Internet.\n**Do not use any Internet.\n**Do not use any Internet.\n**Do not use any Internet.\n**Do not use any Internet.\n**Do not use any Internet.\n**Do not use any Internet.\n**Do not use any Internet.\n**Do not use any Internet.\n**Do not use",
        "post-incident-response": "\nPost-Incident Analysis:\n========================\nThe recent incident involves Power outage affecting multiple data centers., affecting PowerSupply01. Immediate actions included isolating affected systems and initiating investigative protocols, which effectively contained the issue and limited its impact.\n\nThe recommended next steps focus on enhancing existing protocols and ensuring compliance with industry standards, ensuring compliance and risk reduction. It is essential to engage with legal and forensic resources to analyze and reinforce the organization's preparedness.\n\n**Classification**: This incident qualifies as a \"General Incident\". Future efforts should include regular system audits, incident drills, and improved employee training.\n========================\n"
    },
    {
        "title": "Backup Failure",
        "severity": "high",
        "status": "active",
        "description": "Backup process failed for critical databases.",
        "type": "Backup Incident",
        "location": "Remote Backup Server",
        "affected_assets": [
            "BackupServer02"
        ],
        "incident_id": "IR-2024-012",
        "communication_log": [],
        "created_at": {
            "$date": "2024-11-01T21:30:00Z"
        },
        "updated_at": {
            "$date": "2024-11-01T22:00:00Z"
        },
        "resolution_time": null,
        "communication_template": "\nCrisis Management Response:\n============================\n**Incident Summary**:\nBackup process failed for critical databases.\n\n**Impact**:\nSeverity: high, Affected Assets: BackupServer02\n\n**Immediate Actions**:\nIsolate affected network components, start immediate diagnostics, involve technical teams, and begin root cause analysis.\n\n**Recommended Next Steps**:\nConduct thorough investigation, communicate with affected users, coordinate with cybersecurity and network teams to apply mitigation strategies.\n\n**Resources**:\nCybersecurity team, network engineers, customer support for communication, incident management team.\n**Risk Management:\n============================\n**Incident Summary**:\nAll the affected systems are located in the database. Any necessary procedures are required to prevent these critical systems from spreading across the network.\n**Affected systems may be impacted by the following:\n*System Operations: One of the most frequently used tools for detecting and resolving critical systems.\n*System Operations: One of the most frequently used tools for detecting and resolving critical systems.\n*System Operations: One of the most frequently used tools for detecting and resolving critical systems.\n*System Operations: One of the most frequently used tools for detecting and resolving critical systems.\n*System Operations: One of the most frequently used tools for detecting and resolving critical systems.\n-Risk Management:\n============================\n**Incident Summary**:\nAll the affected systems are located in the database. Any necessary procedures are required to prevent these critical systems from spreading across the network.\n-Risk Management:\n============================\n**Incident Summary**:\nAll the affected systems are located in the database. Any necessary procedures are required to prevent these critical systems from spreading across the network.\n*System Operations: One of the most frequently used tools for detecting and resolving critical systems.\n*System Operations: One of the most frequently used tools for detecting and resolving critical systems.\n*System Operations: One of the most frequently used tools for detecting and resolving critical systems.\n*System Operations: One of the most frequently used tools for detecting and resolving critical systems.\n*System Operations: One of the most frequently used tools for detecting and resolving critical systems.\n*System Operations: One of the most frequently used tools for detecting and resolving critical systems.\n*System Operations: One of the most frequently used tools for detecting and resolving critical systems.\n**System Operations: One of the most frequently used tools",
        "post-incident-response": "\nPost-Incident Analysis:\n========================\nThe recent incident involves Backup process failed for critical databases., affecting BackupServer02. Immediate actions included isolating affected systems and initiating investigative protocols, which effectively contained the issue and limited its impact.\n\nThe recommended next steps focus on enhancing existing protocols and ensuring compliance with industry standards, ensuring compliance and risk reduction. It is essential to engage with legal and forensic resources to analyze and reinforce the organization's preparedness.\n\n**Classification**: This incident qualifies as a \"General Incident\". Future efforts should include regular system audits, incident drills, and improved employee training.\n========================\n"
    },
    {
        "title": "User Account Compromise",
        "severity": "high",
        "status": "resolved",
        "description": "User account compromise detected and contained.",
        "type": "Security Incident",
        "location": "Remote",
        "affected_assets": [
            "UserAccount03"
        ],
        "incident_id": "IR-2024-013",
        "communication_log": [],
        "created_at": {
            "$date": "2024-10-29T11:15:00Z"
        },
        "updated_at": {
            "$date": "2024-10-29T12:45:00Z"
        },
        "resolution_time": 45,
        "communication_template": "\nCrisis Management Response:\n============================\n**Incident Summary**:\nUser account compromise detected and contained.\n\n**Impact**:\nSeverity: high, Affected Assets: UserAccount03\n\n**Immediate Actions**:\nIsolate affected network components, start immediate diagnostics, involve technical teams, and begin root cause analysis.\n\n**Recommended Next Steps**:\nConduct thorough investigation, communicate with affected users, coordinate with cybersecurity and network teams to apply mitigation strategies.\n\n**Resources**:\nCybersecurity team, network engineers, customer support for communication, incident management team.\n**Investigate critical areas of affected data\n**Review existing data and ensure proper remediation.\n**Recommendations for further action\n**Review existing data and ensure proper remediation.\n**Recommendations for further action\n**Report any problem, report the problem, report the issue, or report for further action.\n**Report any problem, report the problem, or report for further action.\n**Recommendations for further action\n**Report any problem, report the problem, or report for further action.\n**Report any problem, report the problem, or report for further action.\n**Report any problem, report the problem, or report for further action.\n**Report any problem, report the problem, or report for further action.\n**Report any problem, report the problem, or report for further action.\n**Report any problem, report the problem, or report for further action.\n**Report any problem, report the problem, or report for further action.\n**Report any problem, report the problem, or report for further action.\n**Report any problem, report the problem, or report for further action.\n**Report any problem, report the problem, or report for further action.\n**Report any problem, report the problem, or report for further action.\n**Report any problem, report the problem, or report for further action.\n**Report any problem, report the problem, or report for further action.\n**Report any problem, report the problem, or report for further action.\n**Report any problem, report the problem, or report for further action.\n**Report any problem, report the problem, or report for further action.\n**Report any problem, report the problem, or report for further action.\n**Report any problem, report the problem, or report for further action.\n**Report any problem, report",
        "post-incident-response": "\nPost-Incident Analysis:\n========================\nThe recent incident involves User account compromise detected and contained., affecting UserAccount03. Immediate actions included isolating affected systems and initiating investigative protocols, which effectively contained the issue and limited its impact.\n\nThe recommended next steps focus on enhancing existing protocols and ensuring compliance with industry standards, ensuring compliance and risk reduction. It is essential to engage with legal and forensic resources to analyze and reinforce the organization's preparedness.\n\n**Classification**: This incident qualifies as a \"General Incident\". Future efforts should include regular system audits, incident drills, and improved employee training.\n========================\n"
    },
    {
        "title": "Latency Spike",
        "severity": "medium",
        "status": "resolved",
        "description": "Latency spike in the customer portal.",
        "type": "Performance Incident",
        "location": "Customer Portal",
        "affected_assets": [
            "WebServer03"
        ],
        "incident_id": "IR-2024-014",
        "communication_log": [],
        "created_at": {
            "$date": "2024-11-02T08:10:00Z"
        },
        "updated_at": {
            "$date": "2024-11-02T09:30:00Z"
        },
        "resolution_time": 25,
        "communication_template": "\nCrisis Management Response:\n============================\n**Incident Summary**:\nLatency spike in the customer portal.\n\n**Impact**:\nSeverity: medium, Affected Assets: WebServer03\n\n**Immediate Actions**:\nIsolate affected network components, start immediate diagnostics, involve technical teams, and begin root cause analysis.\n\n**Recommended Next Steps**:\nConduct thorough investigation, communicate with affected users, coordinate with cybersecurity and network teams to apply mitigation strategies.\n\n**Resources**:\nCybersecurity team, network engineers, customer support for communication, incident management team.\n*Familiarity with the security of customer service, IT security, and customer service.\n*Crowd sourcing to ensure customer service is based on customer service.\n*Elimination of the use of an outdated, outdated, outdated, outdated, outdated and obsolete server.\n*Enlist the customer service team to implement the following mitigation strategies:\n*Prevent the use of outdated server infrastructure and the availability of new servers.\n*Disable the use of outdated server infrastructure and the availability of new servers.\n*Increase the number of servers and servers that may be used in a particular case.\n*Use the appropriate server infrastructure and the availability of new servers.\n*Ensure that the customer service team maintains an optimal balance.\n*Provide a consistent and consistent user experience.\n*Create a unique customer service plan and set up a customer service plan that contains all the necessary information needed to meet the needs of customers.\n*Provide a consistent and consistent user experience.\n*Create a unique customer service plan and set up a customer service plan that contains all the necessary information needed to meet the needs of customers.\n*Provide a consistent and consistent user experience.\n*Ensure that the customer service team maintains an optimal balance.\n*Provide a consistent and consistent user experience.\n*Provide a consistent and consistent user experience.\n*Create a consistent and consistent user experience.\n*Provide a consistent and consistent user experience.\n*Provide a consistent and consistent user experience.\n*Provide a consistent and consistent user experience.\n*Provide a consistent and consistent user experience.\n*Provide a consistent and consistent user experience.\n*Provide a consistent and consistent user experience.\n*Provide a consistent and consistent user experience.\n*Provide a consistent and consistent user experience.\n*Provide a consistent",
        "post-incident-response": "\nPost-Incident Analysis:\n========================\nThe recent incident involves Latency spike in the customer portal., affecting WebServer03. Immediate actions included isolating affected systems and initiating investigative protocols, which effectively contained the issue and limited its impact.\n\nThe recommended next steps focus on enhancing existing protocols and ensuring compliance with industry standards, ensuring compliance and risk reduction. It is essential to engage with legal and forensic resources to analyze and reinforce the organization's preparedness.\n\n**Classification**: This incident qualifies as a \"General Incident\". Future efforts should include regular system audits, incident drills, and improved employee training.\n========================\n"
    },
    {
        "title": "Malware Detection",
        "severity": "critical",
        "status": "active",
        "description": "Malware detected on several end-user devices.",
        "type": "Security Incident",
        "location": "Office Network",
        "affected_assets": [
            "Laptop03",
            "Desktop01"
        ],
        "incident_id": "IR-2024-015",
        "communication_log": [],
        "created_at": {
            "$date": "2024-10-30T15:40:00Z"
        },
        "updated_at": {
            "$date": "2024-10-30T16:30:00Z"
        },
        "resolution_time": null,
        "communication_template": "\nCrisis Management Response:\n============================\n**Incident Summary**:\nMalware detected on several end-user devices.\n\n**Impact**:\nSeverity: critical, Affected Assets: Laptop03, Desktop01\n\n**Immediate Actions**:\nIsolate affected network components, start immediate diagnostics, involve technical teams, and begin root cause analysis.\n\n**Recommended Next Steps**:\nConduct thorough investigation, communicate with affected users, coordinate with cybersecurity and network teams to apply mitigation strategies.\n\n**Resources**:\nCybersecurity team, network engineers, customer support for communication, incident management team.\n**Report any technical problems to the affected customers.\n**Review any critical information as well as any other resources.\n**Report any technical issues to the affected customers.\n**Report any technical issues to the affected customers.\n**Report any technical issues to the affected customers.\n**Report any technical issues to the affected customers.\n*Report any technical issues to the affected customers.\n**Report any technical issues to the affected customers.\n**Report any technical issues to the affected customers.\n**Report any technical issues to the affected customers.\n**Report any technical issues to the affected customers.\n**Report any technical issues to the affected customers.\n**Report any technical issues to the affected customers.\n**Report any technical issues to the affected customers.\n**Report any technical issues to the affected customers.\n**Report any technical issues to the affected customers.\n**Report any technical issues to the affected customers.\n**Report any technical issues to the affected customers.",
        "post-incident-response": "\nPost-Incident Analysis:\n========================\nThe recent incident involves Malware detected on several end-user devices., affecting Laptop03, Desktop01. Immediate actions included isolating affected systems and initiating investigative protocols, which effectively contained the issue and limited its impact.\n\nThe recommended next steps focus on enhancing existing protocols and ensuring compliance with industry standards, ensuring compliance and risk reduction. It is essential to engage with legal and forensic resources to analyze and reinforce the organization's preparedness.\n\n**Classification**: This incident qualifies as a \"General Incident\". Future efforts should include regular system audits, incident drills, and improved employee training.\n========================\n"
    }
]